id,date,like,text,hashtag
diet_gunmi,2021-09-28 00:00:00+00:00,영상,"얼마전부터 뉴욕에서 먹었던 이 넘 생각나서 연어를 주문했는데, 오늘 새벽 1시쯤 배송이 와서 잠들기 전까지 을매나 설렜는지 몰라요..❤️ 점심시간 되자마자 후다닥 해서 먹었답니다😋 (재택만세🙌🏻) 1. 그릭요거트 150g에 알룰로스 1큰술, 살짝 짠맛을 위해 올리브 3개 다져넣기 2. (290kcal, 단백질 14g) 반으로 자른 뒤 토스트해주기 3. 베이글 안쪽 양 면에 그릭요거트 발라주기 4. 베이글 하나 놓고, 채 썬 양파, 토마토, 연어, 로메인 순으로 얹어주기 5. 나머지 베이글 얹고 포장한 뒤 반으로 썰어주면 완성! 증말…. 너무 맛있어요..🥺 칼로리도 낮고 영양성분도 꽉 잡은 다욧 중 특식 느낌..⭐️ 이번엔 그라브락스를 써봤는데 다음번엔 훈제로 해서 함 비교해봐야겠어요🙌🏻🙌🏻😘 23시간","['#건미다욧식단', '#에싸베이글', '#마켓컬리', '#연어베이글샌드위치', '#써드베이커리', '#쌀두부베이글']"
sh_mong_,2021-08-26 00:00:00+00:00,영상,"컬리에서 처음 성공한 과일, 무화과로 만든 샌드위치. 마스카포네 치즈4, 그릭요거트2, 꿀 1스푼 넣고 휘리릭. (견과류 넣으면 더 맛있지만 찾으러가기 구차나서 생략) 카모메 식당 보면서, 잠시나마 고단함을 잊게 해주는 맛이었습니다🤌🏻 4주",[]
bbangsori,2021-09-26 00:00:00+00:00,영상,<21.09.26.Sun> 여러분덜!!!!!!!!! 차자쒀요🥘 리뷰가 많고 좋길래 으로 시켜놨던건데 넘너무 맛있고 만족스러워서 강추👍🏻 에서 파는 🧡 완전 real 통통한 순대가 1팩당 9개씩 들어있구 국물도 얼큰하면서 깊은 맛이라 속이 쏘ㅏ악 풀어지는😖🎶 기호에 따라 다른 야채들도 넣고 끓여드시면 되는데 전 파만 더 추가해쏘요! 해장용으로도 좋지만 반대로 또 술안주로도 좋을듯한☺️ㅋㅋㅋㅋㅋㅋㅋㅋㅋ 아참 원래 5600원짜린데 15% 할인중이라 4760원에 샀어요✔ 여러분들도 드셔보새우🔥 ⭐ 마켓컬리 회원가입시 추천인아이디 sori121 쓰시구 같이 적립금 5000원씩 받아요🤗 2일,"['#jmt', '#순대국', '#해장용', '#마켓컬리', '#강창구찹쌀진순대', '#순대만순대국', '#먹스타그램', '#맛스타그램', '#해장스타그램', '#빵소리_마켓컬리']"
nnnnnnu_diet,2021-09-10 00:00:00+00:00,영상,": 1/2 반쪽만 먹어도 완전 든든한 무화과바질 샌드위치🥪 마켓컬리 유기농 무화과가 완전 달달하니 딱 먹기 좋게 후숙되어 와서 단짠단짠 더 맛있었어요😋 계란후라이 색이 다른 이유는,, 하나는 특란 하나는 그냥 대란이기 때문입니다🥚✨ 2주","['#210910', '#점심식단', '#누래_샌드위치', '#누래_점심', '#무화과바질샌드위치', '#디디미니레시피', '#디디미니레시피도장깨기_누래', '#마켓컬리', '#온더테이블', '#id_나의마켓컬리shd00054']"
one_home_food,2021-09-24 00:00:00+00:00,영상,💜맛있다고 후기 터진 마켓컬리 다이어트템💜 아진짜 칼로리도 낮은데 맛있으면...감사합니다🤤 @헉 이거 사볼까 . 4일,"['#마켓컬리', '#자취요리', '#자취방', '#자취생', '#자취생으로살아남기', '#칼로리', '#다이어터']"
liihaoting,2021-09-28 00:00:00+00:00,영상,"감동의 초바니,,,🥄 일기에 '맛있다'라고 세번이나 썼다❤️ -다이어리는 클래식 노트(포켓 사이즈, 플레인), 연필은 2B연필 14시간","['#하오팅다이어리', '#하오팅손그림', '#초바니', '#몰스킨', '#staedtler', '#스테들러', '#marslumograph']"
sunxlxg,2021-09-27 00:00:00+00:00,영상,요거트에 진심인 편이라 직접 만들어 먹기도 하고 시중에 나와있는 여러제품 사먹기도하는데 초바니 그릭요거트 맛있었어요🙂 제가 좋아하는 꾸덕꾸덕한 제형의 그릭은 아니지만 직접 만들어먹기 귀찮을때 자주 주문할것같아요🤍 1일,['#내돈내산']
dinnerqueen,2021-09-20 00:00:00+00:00,영상,이 시국 필수 멀리 나가서 먹을 필요 없다구 🤫 집에서도 간단하게 SSAP 가능 @@ 우리도 이고 해먹쟈 ( ˘ ³˘)♥ 1주,"['#마켓컬리존맛밀키트추천', '#마켓컬리', '#마켓컬리추천상품', '#마켓컬리밀키트', '#금미옥쌀떡볶이', '#타마루제면소마제소바', '#춘천닭갈비국물떡볶이', '#차돌듬뿍묵은지볶음밥', '#박막례묵은지비빔국수', '#차알차돌마라탕면', '#안원당소고기쟁반수육', '#밀키트', '#밀키트맛집', '#먹스타그램', '#맛스타그램', '#먹방', '#먹팔', '#소통']"
mukit_list,2021-09-14 00:00:00+00:00,영상,[먹킷📝] 요리똥손들은 바로 메모하자✏ 마켓컬리에서 안사먹으면 바보. 내가 만든 요리인척 하기 딱좋은 밀키트. 요린이들은 저장해서 참고하자@ 2주,"['#마켓컬리_밀키트추천', '#마켓컬리', '#밀키트추천']"
cwdk_1108,2021-09-29 00:00:00+00:00,영상,7분,"['#내돈내산', '#마켓컬리', '#마켓컬리쌀국수', '#마이하노이', '#마이하노이쌀국수', '#고기폭탄쌀국수', '#맛있다']"
buss_bubu,2021-09-29 00:00:00+00:00,영상,"[버쓰부부의 슬기로운 소비생활]⠀ ⠀ 상추 엄마가 하도 자랑질을 하는 통에⠀ 반 강제로 등떠밀려 구매한 컬리 퍼플박스 🟪⠀ ⠀ 컬리 오는 날은 박스와 전쟁하는 날이라⠀ 사실 그건 좀 불편했었는데….⠀ (누가보면 내가 하는 줄…. 신랑 미안 😅)⠀ ⠀ 문 밖에 두면 구매한 물건 ⠀ 아저씨가 여기 딱 넣어주고 가시는데… ⠀ 컬리 참 일 잘하심 ㅋㅋ⠀ 이런 발상 아주 좋다구요 ☝️☝️⠀ ⠀ 그나저나 이번 간식 저 맷죠칩은 흠흠🤔🤔⠀ ""맛이 없는데 자꾸 손이 가요""라는 후기가 많았는데 맛이 없다는 말을 새겨 들었어야 했나봄😂⠀ 자꾸 손이 가요를 믿고 샀는데⠀ 난 손이 안간다 ㅋㅋㅋㅋ⠀ ⠀ 믿고 먹는 노티드 식빵으로 입가심해야지 🍞⠀ ⠀ ⠀ 🤦🏻‍♀️⠀ ⠀ ⠀ 14분","['#상추엄마', '#컬리직원인줄', '#안사면큰일나는줄알았자나', '#근데참잘샀다', '#칭찬해칭찬해']"
bbang_woongji,2021-09-29 00:00:00+00:00,영상,. . 인스타에 인증하기 위해 일어나는 아침..🤣🤣 3일차네요 ㅋㅋ 신랑 출근할때 택배가 와서 택배 정리하구 유튜브좀 보다가 잠깐 눈붙이고 떴더니 9시... 3일차지만 오늘은 약간 반성공??😊😊 저 마켓컬리에서 시켰어요 ㅋㅋ 포장지 진짜 넘 귀엽죠! 종류별로 다르게 6개시켜서 냉동실에 넣으니 6개가 저렇게 웃고있어요😂😂 오늘도 비가오네요.. 오늘 기온낮다고 하던데 다들 운동 조심하시구 감기조심하셔요❤ 30분,"['#미라클모닝', '#훕훕베이글', '#마켓컬리', '#마켓컬리추천상품', '#베이글', '#통밀베이글', '#다이어트식단', '#빵수니', '#빵수니어터', '#다이어터', '#다이어트소통', '#수요일', '#수요팅', '#미라클모닝친구해요', '#식단소통']"
jjin_unnie,2021-09-29 00:00:00+00:00,영상,요즘 따뜻한라떼한잔 즐기는편☕ 마켓컬리에 판매되고 있는 제주도 유기농 로하스파파우유에 네스프레소 캡슐하나면 맛있는커피집 부럽지 않을만큼최고👍👍 우유가 진하고 부드러워서 고소해서 아침마다 건강하게 식사대신 한잔씩 마시는데 라떼에도 너무 잘어울림❤ @lohaspapa.official 31분,"['#우유', '#라떼', '#라떼맛집', '#라떼한잔', '#라떼스타그램', '#라떼만들기', '#커피스타그램', '#로하스파파', '#목초우유', '#유기농', '#유기농우유', '#유기농간식', '#마켓컬리', '#마켓컬리추천상품', '#마켓컬리추천', '#마켓컬리추천템', '#마켓컬리장바구니']"
leto_plum,2021-09-29 00:00:00+00:00,영상,21.09.28 늦게 올리는 점심식단🍽 에서 100% 메밀인 구매해서 냉모밀 해먹었어요! 쯔유랑 물 1:1 비율로 맞추고 청양고추 반개 총총 썰어 넣으면 소스 완성입니다요🌶 단백질 채우려고 삶은 달걀 한개도 먹어줬어요😝 100% 메밀인데 많이 끊기지도 않고 찰기가 어느정도 있어서 너무 좋았어요! 시중에서 많이 먹는 메밀 보다는 덜하지만 메밀 특유의 투박한 맛이 저는 좋더라구요😊 사진에 있는거 다 제꺼 아닙니다요😝 언니랑 같이 먹어서 많은 거에용ㅎㅎ 한봉지 다했는데 한 20그람? 정도 남겼어요 오늘도 잘먹었습니다😋 35분,"['#레토_식단', '#레토_점심', '#마켓컬리', '#간소주와리소바', '#식단', '#식단조절', '#식단일기', '#식단기록', '#식단공유', '#식단소통', '#식단스타그램', '#다이어트', '#다이어트식단', '#다이어터', '#다이어트일기', '#다이어트소통', '#다이어트그램', '#다이어트기록', '#유지어터', '#유지어터식단', '#지속가능한', '#메밀소바', '#소바', '#순메밀']"
alswjd2258,2021-09-29 00:00:00+00:00,영상,@janghotsauce 한국인에 맞게 만들어진 깔끔하고 감칠맛 나는 원래도 🌶매운소스는 달고 사는데 요건 인공적인 맛이 아니면서 막 맵지도 않아서 여러가지 음식에 다 잘어울리는 소스더라고요😍😍😍 한입먹자마자 맛!있!다 하면서 계속 찍어 먹었다눈~~ㅎ 하바네로가 들어있어 깔끔하면서 고추장 베이스로 만들어져 제입맛엔 딱인 여러요리에 잘 활용하고 있어요❤❤❤ 40분,"['#협찬', '#죙핫소스', '#마켓컬리', '#죙핫소스😁😁😁', '#죙핫소스', '#고추장핫소스', '#핫소스', '#세계죙복', '#비건', '#저칼로리', '#닭가슴살', '#다이어트', '#janghotsauce', '#맵덕', '#필라테스', '#고추장핫소스']"
jjuril_food,2021-09-29 00:00:00+00:00,영상,윽.. 맛은 있는 것 같으면서도 속이 이상하다 남친은 토할것 같다고 했다 44분,"['#마켓컬리', '#해초슬림다시마면']"
j___love___cook,2021-09-29 00:00:00+00:00,영상,- 여더분들의 수요병 지킴이 제이 왔어요 (비와서 개소리) 오늘은 점심시간이 두시간이라 인스타를 스리슬쩍 켜봅니당 제이식당 오늘의메뉴 아보카도덮밥 입니다 다들 누구나 아는맛이졍 어제 퇴근하고 먹은 저녁이예요 참치마요까지 같이 비벼 무떠용 제가 주말에 집앞에 아침 일곱시부터 땅파서 잠도 못잤다고 말한거 ㄱ나시나요 알고보니 개인사유지 공사🤦🏻‍♀️ 돈많은 부자 아저씨면 뭐해여 매너가 개똥인디 개똥도 아까븜 개는 귀엽기라더 하지 모이스처한 비오는 수요일 맛난 식사 챙겨드세용💜 _ 45분,['#아보카도덮밥']
withpuzu,2021-09-29 00:00:00+00:00,영상,"1일차 식단 🍽 - 토마토 달걀 볶음 - 양상추 샐러드 - 아메리카노 마켓컬리에서 구매한 저칼로리 발사믹 드레싱과 함께 ,, 토달볶은 소금간 하지않고 후추만 톡톡 뿌려 가볍게 먹기 49분","['#마켓컬리', '#다이어트식단', '#저칼로리', '#비비드키친발사믹드레싱', '#토마토달걀볶음', '#푸주야사랑해']"
yummyfoodi2020,2021-09-29 00:00:00+00:00,영상,쨈발라서 냠냠 😋 계란올려 냠냠 😋 귀여워서 냠냠 😋 순식간에 뱃속으로 사라진 노티드 🙂😋😝 52분,"['#노티드식빵', '#knotted', '#맛스타그램', '#집콕놀이', '#빵지순례', '#빵순이', '#마켓컬리', '#고마워요', '#품절템', '#eatstagram', '#yammy']"
archive.sally,2021-09-29 00:00:00+00:00,영상,"⠀ 달걀 처리(?) 고민하다 생각난 일본식 계란샌드위치! 저는 샌드위치 1개 기준 달걀 4개, 우유50ml, 참치액 1/4스푼, 곡물올리고당을 넣고 만들었어요! 설탕은 뺐고, 하얗고 촘촘한 일반 식빵이 아닌 ‘통밀식빵’ 으로 보다 다이어트식단에 가깝게 만들어봤어요! 묵직한 계란말이 덕분에 완전 든든해요!🥰 그리고 저 미니사과(루비에스사과) 진짜 진짜 맛있어요! 달달, 상큼, 아삭 완전 만족이라 재구매해서 쭉 먹으려고요! ⠀ R15 통밀식빵, 루비에스사과 @marketkurly 55분","['#마켓컬리', '#온더테이블', '#id_hannayeong07']"
ourreview.official,2021-09-29 00:00:00+00:00,영상,"등 쉬는 날 가장 힘든게 를 못받아서 아쉽지 않으신가요? 여러분 ✍ 이번 에 으로 먹었던 보여드렸는데 여러분이 생각하는 이 있으셨다면 알려주세요. ✍ 예시) 나만알고싶은 / 이유 : 갓 만든 치킨 텐더의 솔직한 맛, 샐러드부터 떡볶이까지 안 어울리는 조합이 없어요. 🎁 댓글로 작성해주시면, 꼼꼼히 읽어보고 미식콕이야기와 함께 다음주 3분께 '스타벅스기프티콘'을 보내드립니다. - 오늘도 고객의 한끼를 응원하는 - 1시간","['#공휴일', '#임시공휴일', '#추석연휴', '#택배', '#추석연휴', '#마켓컬리', '#샛별배송', '#마켓컬리장바구니', '#나만알고싶은', '#잇템', '#교촌리얼크리스피텐더', '#아워리뷰', '#추천템']"
dameokjjung,2021-09-29 00:00:00+00:00,영상,210929 오늘의 도시락 메뉴는~~! 베지볼은 후기가 좋아서 에서 구매했어요!! 180도에 10분정도 조리했고 아침에 한입 먹어 봤는데 간간하니 건강한 를 위한 식단 !! 제 기준 삼삼해서 뿌려왔어요ㅋㅋㅋㅋㅋ 다음엔 구매 도전 예정 ~! 혹시 팔레펠 드셔보신 분 계시면 후기 알려주세용🧆 다들 하시고 직딩분들 수욜 홧팅🙋🏻‍♂️ 1시간,"['#다먹쩡_도시락', '#직장인도시락', '#흑미밥', '#베지볼', '#우엉조림', '#가지볶음', '#무나물', '#진미채볶음', '#마켓컬리', '#에어프라이어', '#다이어터', '#비건', '#케찹', '#팔라펠', '#맛점', '#먹팔', '#먹스타', '#먹스타맞팔', '#먹방', '#먹스타그램', '#먹팔환영', '#맞팔', '#선팔', '#맛스타', '#좋아요반사', '#좋아요테러', '#좋아요', '#집밥레시피', '#다이어트', '#다이어트식단']"
dalroll,2021-09-29 00:00:00+00:00,영상,"밀가루만 먹으면 배가 꾸룩꾸룩? 밀가루 반죽을 쫄깃하게 하고 빵을 부풀게 만드는 단백질 성분 “글루텐”!🍞 그러나 글루텐에 민감한 사람들은 밀가루의 글루텐 성분이 위장장애, 피로감, 호르몬불균형 등의 민감성, 과민성 문제를 가져올 수 있답니다. 내 얘기인데? 싶다가도 근데 난 빵없이 못사는데?ㅠㅠ 하시는 분들은 달롤 베이커리를 찾아주세요! 국내산 쌀가루로 정성껏 만든 달롤의 빵과 디저트가 좋은 대안이 되어드릴게요💕 오늘도 맛있게 쌀먹었습니다. 1시간","['#달롤은글루텐프리', '#글루텐프리', '#베이커리', '#달롤', '#글루텐프리', '#글루텐프리빵', '#글루텐프리디저트', '#글루텐프리케이크', '#치즈케이크', '#롤케이크', '#달롤', '#dalroll', '#쌀케이크', '#쌀롤케이크', '#노밀가루', '#생일케이크', '#디저트', '#케이크선물', '#선물추천', '#홈카페', '#당충전', '#국내산', '#쌀가루', '#식단', '#마켓컬리', '#쿠팡', '#ssg']"
ripplet___,2021-09-29 00:00:00+00:00,영상,. . 비오는 수요일 아침은 따뜻한 드립커피에 스콘 마켓컬리에서 스콘생지도 팔길래 사봤는데 바로 구워 먹으니 굿~ @marketkurly 1시간,"['#마켓컬리', '#스콘생지', '#뚝방길홍차가게', '#무화과스콘생지', '#무화과스콘', '#비오는날', '#핸드드립커피', '#rainyday']"
ehuiiiii,2021-09-29 00:00:00+00:00,영상,초바니◞♡° . 1시간,"['#홈카페', '#홈브런치', '#홈스타그램', '#집스타그램', '#요거트', '#초바니', '#마켓컬리', '#내돈내산', '#다이어트', '#다이어터', '#다이어트그램', '#유지어터', '#먹스타그램', '#맛스타그램', '#먹방', '#푸드스타그램', '#인스타푸드', '#먹팔', '#먹스타', '#먹스타맞팔', '#먹부림', '#instafood', '#foodstagram', '#플레이팅', '#온더테이블', '#onthetable', '#좋아요', '#daily', '#일상', '#소통']"
tori_dietlog,2021-09-29 00:00:00+00:00,영상,D-76 또 만들어 먹은 🥪 어제 복근운동 꼭 한다고 혼자 선전포고 해놓고 집안일 마무리 하고 좀 있다가 11시에 잠😴 그래도 오늘 드디어 런데이 다시 시작했다!!! 너무 계운해 너무 기분 좋아😆 오늘은 살살 뛰었지만 이제 다시 페이스 찾아가야지🏃🏻‍♀️ 일과를 런데이로 시작해야 하루 일이 잘 풀리는것 같은게 살짝 강박인것 같기도 한데 강박이 러닝이라면 건강한 강박 아닐까 싶기도 하고…? (일단 지금까진 그러하다) 1시간,"['#고독한육아맘의두번째바프', '#오이참치오픈토스트']"
leejooyon,2021-09-29 00:00:00+00:00,영상,버터 버터 맛본다고 맨입에 넣어도 맛있어서 자꾸 들어가는 버터~ 에서 30개짜리 품절됬길래 10개짜리 구매했다~ㅋ 1시간,"['#버터계의에르메스', '#demisel', '#세상맛있는', '#마켓컬리', '#라콩비에트버터', '#라꽁비에뜨버터', '#라꽁비에뜨']"
sueat_bin,2021-09-29 00:00:00+00:00,영상,마이너스 손으로 만든 통밀에그샌드위치 1시간,[]
e._.ggle,2021-09-29 00:00:00+00:00,영상,‘ 운동 후 샤워하고 섭취 프리+프로 합쳐진 라고 하던데 꾸준히 먹어봐야지🌝 한번에 털업 할 수 있어서 좋다. 맛은 요구르트 분유 그 어디쯤 그리고 바로 아침준비 다이어트 하는 분들 많이 드시길래 구매 해봤는데 유기농이라 그런지 비싼너낌. 물이랑 섞으면 피넛버터가 된다(?) 심지어 맛도 있음!🙊 요거트나 우유에 섞어도 맛있다니까 먹어봐야징 구워서 피넛버터 올리고 무설탕 살구쨈까지 올려서 야무지게 먹었다. 새콤달콤 맛있었어 1시간,"['#아침루틴', '#유산균', '#신바이오틱스', '#피비핏피넛버터파우더', '#통밀식빵', '#멘즈앤가써', '#마켓컬리', '#내돈내산', '#홈카페']"
best_jangg_mm,2021-09-29 00:00:00+00:00,영상,효과좋은 팔로우 늘리기 -인스타로 매출을 올리고 싶을때 -인스타로 인싸가 되고 싶을때 -인스타를 계정을 키우고 싶을때 <INSABEST>에서 책임져드리겠습니다 유령팔로우NO 불법작업NO 친구도 모르게 아무도 모르게 안전하게 진행해드립니다 -국내 최저가격 -빠른 작업시간 -고객만족도200% -재구매율 200% 저희 업체만 가능한 고유서버로 실제 한국인으로 직접 작업해드리 믿고 진행하셔도 좋습니다! 1시간,[]
"marketkurly
인증됨",2021-09-29 00:00:00+00:00,영상,"인증됨 가을비 내리는 오늘, 식탁에도 가을을 담아야겠죠🍂 제철 로 만든 이색 묵 요리를 소개할게요. 당면 대신 건조 과 아삭한 야채를 듬뿍 볶아주면 끝! 입안 가득 퍼지는 의 탱글한 식감을 즐겨보세요 🌰 - [신사동 가을백반] 쫄깃한 도토리묵잡채 - 🔎마켓컬리에서 더 많은 상품을 만나보세요. - 1시간","['#도토리', '#도토리묵', '#도토리묵잡채', '#신사동가을백반', '#제철요리', '#가을음식', '#잡채', '#마켓컬리', '#샛별배송', '#컬리스타그램']"
7food_official,2021-09-29 00:00:00+00:00,영상,"🍚저탄수화물 밥혼합재세트🌾 . 버섯+해초+산나물+모듬밥으로 구성되어 있으며, 뫼달해 브랜드의 자연식 브랜드에 걸맞게 국내산 100% 자연원물을 저온 건조하였습니다😊 . 3종세트 지금 바로 득템하세요❤️ . 구매는 프로필 링크를 클릭해주세요👆 1시간",[]
whereyouare.shop,2021-09-29 00:00:00+00:00,영상,쵸바니🥣 1시간,[]
4fbhouse,2021-09-29 00:00:00+00:00,영상,비오는날은 고민없이 레몬위켄드케익 사층빵집 메뉴얼이죠😉 비가 그치면 본격 쌀쌀한 가을이 올 것 같아요 .가을맞이를 하기위해 여러가지 신메뉴들을 테스트하고있습니다 오늘도 사층빵집 파티쉐들이 좋은재료로 정성을 다해 제품을 만들고 있습니다. 브레이크타임 사층빵집과 함께하세요🍰 온라인 @marketkurly 한남 @collective.seoul 성수 @glow__coffee 합정 @zttnseoul 명동 롯데백화점본점 B1 2시간,[]
1_____nssol,2021-09-29 00:00:00+00:00,영상,못참지 못참아🍽 바스크 치즈케이크도 있는건 안비밀🍰 2시간,[]
bbo2chu_,2021-09-29 00:00:00+00:00,영상,쿠폰 들어온김에 오랜만에 잔뜩 시킴!!! 다시 건강하게 관리하자💪 2시간,"['#마켓컬리', '#온더테이블', '#ID_k3741705']"
jihye_fit,2021-09-29 00:00:00+00:00,영상,"OPEN🔛 효소타임Good bye🖐🏼 이번이 마지막 공구에요😭 마켓컬리와 쿠팡에서 베스트 제품으로 판매되는 효소타임! 지혜핏마켓 공구가와 비교해보세요😍 마지막 공구이니만큼 꾸준히 드셨던, 드실 분들은, 나중에 비싸게 구매하지 마시고 꼭 이번 공구에 많이 많이 쟁여두시길 바래요! 그동안 효소타임 많은 사랑주셔서 너무 감사합니다❤ . . 💟지혜핏 특별 공구가💟 1박스: 38,000➡️29,000 2박스: 70,000➡️58,000 (1박스당 29,000원) 3박스: 114,000➡️79,900 (1박스당 26,633원) 6박스: 228,000➡️159,800 (1박스당 26,633원) 시중에 수많은 효소중 제가 효소타임이 특별한 이유! 같은 스펙의 역가수치임에도 합리적인 가격이라는거에요😊 거기다 맛있기까지💕 ✅합리적인 가격 👉🏻 매일매일 줄어드는 체내효소는 매일매일 외부로부터 챙겨주셔야 하기때문에 아껴먹으면 안되요❌ 하루에 2-3포를 먹어도 부담없는❗️ 좋은 스펙임에도 한박스에 2만원대😱 ✅맛👉🏻그냥 딱 달콤한 미숫가루맛! 억지로 물에 녹여서 삼키는 효소아니구요, 물없이 씹어먹을 수 있는 맛있는 효소에요! ✅역가수치 👉🏻아밀라아제 150,000 Unit/프로테아제 1,500Unit 역가는 너무 낮으면 효과가 없고, 너무 높으면 매스꺼움, 소화장애를 유발하기도 해요. 거기다 특유의 강한 맛이 나기때문에, 꾸준한 섭취를 위해서는 맛과 역가수치의 적당한 조합을 찾는게 중요해요! 역가를 무리하게 높이는 방식이 아닌, 정식기관에 검사받아 건강하고 정직하게 발효된 효소타임이랍니다☺️ 이제 효소는 필수인 시대라 안드시는 분 없으시죠? 그럼에도 매일 챙겨먹기 부담스러우셨다면! 효소타임 선택해보세요💙 . . 📆9/29(수)-10/1(금) 🚛1시이전 주문건 당일발송 . . 2시간","['#효소타임', '#효소타임X지혜핏', '#효소공구']"
mandn_field,2021-09-29 00:00:00+00:00,영상,"굿모닝🌿 어제 저녁을 일짝 먹고 산책한 뒤에 잤더니 아침에 요가하고 와서 너무 허기가지더라구요. 그래서 좀 든든하게 곡물 샐러드 만들어 먹었답니다. 평소 아침 준비는 준비랄것도 없이 사과에 요거트, 그래놀라 아니면 통밀빵이나 우유 정도인데 오늘은 불도 쓰고 좀 시간이 걸렸네용! 하지만 미리 다 손질하고 익혀 뒀으니 며칠은 소분해둔거 꺼내서 먹으면 되니까요😆 그러나 오늘은 준비를!!! ✔️보리, 귀리, 퀴노아 삶아주기 ✔️오이, 파프리카 작게 깍둑썰기 ✔️냉장고 속 🐤 병아리콩 ✔️양상추와 달걀 큰 볼에 넣어 올리브오일 두르고 화이트 발사믹 둘러서 섞어 플레이트에 준비해요. 그래두 샐러드는 참 쉽쥬? +레오나르디 품절이라 새로운 발사믹을 사봄 곡물들 삶느라 만드는 건 한참?이지만 샐러드는 꼭꼭 씹어서 천천히 먹어도 금방 사라져요~ 허기는 사라지고 딱 적당한 상태가 되었어요 ☺️ 이제 커피 내리러 갑니다아! 3시간","['#굿모닝', '#goodmorning', '#아침식단', '#깔끔한식단', '#다이어트식단', '#슈퍼곡물샐러드', '#보리', '#귀리', '#퀴노아', '#샐러드', '#올리브오일', '#화이트발사믹', '#사실화이트발사믹은', '#레오나르디', '#짱이긴한데요', '#일티넬로델발사미코', '#좀더새콤하네요', '#모두마켓컬리', '#마켓컬리']"
dietdiary56.5,2021-09-29 00:00:00+00:00,영상,9/29일 식단 아침: 닭가슴살저염두부샐러드+밤호박+밤고구마+그릭요거트(그래놀라)+오리엔탈드레싱2T 닭가슴살두부라는데 두부맛만 나는 듯. 식감이 단단하고 샐러드용으로 괜찮은 것 같다. 가격은 좀 있는데 재구매의사있음. 벌써 수요일이라니..시간 참 빨리 가는 듯. 3시간,"['#다이어트', '#다이어트중', '#다이어트식단일기', '#아침메뉴', '#두부샐러드', '#라라스팜구운두부', '#저염닭가슴살두부', '#마켓컬리', '#후디스무설탕저지방그릭요거트', '#유지모드']"
iiivsiii85,2021-09-29 00:00:00+00:00,영상,⠀⠀⠀⠀⠀⠀⠀⠀⠀⠀⠀⠀⠀⠀⠀⠀ ⠀⠀⠀⠀⠀⠀⠀⠀⠀⠀⠀⠀⠀⠀⠀⠀ 집에 야채가 감자랑 양파뿐이어서 어제 서둘러 마켓컬리에 주문! 역시 새벽배송이 좋구만 아침에 나와보니 오빠가 박스 다 들여놓고 출근햇네 3박스에 예쁘게 담겨와서 기분이 좋다😊 물건들도 다 싱싱하니 집앞마트 주문보다 나은듯 역시 가정보육엔 컬리👏👏👏👍💜 ⠀⠀⠀⠀⠀⠀⠀⠀⠀⠀⠀⠀⠀⠀⠀⠀ 3시간,"['#마켓컬리', '#온더테이블', '#ID_itssys']"
selokong,2021-09-29 00:00:00+00:00,영상,아니었음 어쩔 뻔~~😨 연식이 오래되서 초 도 모질라 😕 그래도 해피해피 B'DAY to me🎉🎊 아빠 난... 케이크가 중요한게 아니여~~ 프레젠또 주세요 🎁 3시간,['#마켓컬리']
backsoodeck,2021-09-29 00:00:00+00:00,좋아요,백수가 또 뭘 잔뜩 시켜놨다. . . 3시간,"['#마켓컬리', '#새벽배송', '#안자고', '#폰만지더니', '#이거시킨고냐']"
doshirockguy,2021-09-29 00:00:00+00:00,영상,"彡★🍛~ꈍꈊꈍ치킨 커틀렛 커리ꈍꈊꈍ~🍛★ミ 마켓컬리 인기상품🌟중에 통가슴살 치킨 커틀렛을 팔길래 한번 구매해 봤슴다. 어쩐지 맛있어 보였어요.!🥷킬킬.. 재미없게 치킨 커틀렛만 담느냐,, , 귀찮지만 커리를 함께 담느냐,, ,, 고민을 하다 어제의 저는 늦은 저녁에 커리를 끓였습니다 อิ_อี 🫕 🍳 채 썬 양파🧅를 올리브유🫒살짝 두른 팬에 볶으며 캐러멀라이즈 해줌다➡️ 카레에 맞는 물양을 넣어주고 카레를 넣어 자작자작 끓여줍니다,,👨🏿‍🌾 끝,,, 🥦 브로콜리는 데쳐주기 전에 2~30분 정도 식초와 소금을 넣은 물에 담궈주세요💫 그래야만,, 브로콜리 속 유분막과 혹시 모를 벌레,먼지까지 빠집니다,,🗣 3시간","['#도시락', '#도시락스타그램', '#도시락반찬', '#점심메뉴', '#먹스타그램', '#먹스타맞팔', '#먹팔맞팔', '#먹팔', '#마켓컬리', '#치킨커틀렛', '#커리', '#🍛', '#cook', '#cooking', '#cookstargram', '#food', '#foodstagram', '#korea', '#🏡', '#料理', '#かんこく', '#ご飯', '#食事べんとう', '#弁当', '#かんこく', '#ブルゴギ', '#りょうり']"
twonet77,2021-09-28 00:00:00+00:00,영상,마켓컬리 [YOZM]플레인 그릭요거트 크림치즈처럼 꾸덕꾸덕하고 달지 않아 자주 주문해서 먹는 그릭요거트. 견과류나 과일 콘푸레이크 토핑으로 넣어 먹으면 맛있구요. 꿀이나 메이플시럽 뿌려 먹으면 달콤하게 먹을수 있습니다. 샐러드에 치즈대신 넣어도 맛이서요^^ 100g짜리만 먹다가 500g짜리 시켰는데 비싸긴해도 건강하게 먹을수 있어 좋네요. . . . 4시간,"['#마켓컬리', '#온더테이블', '#ID_twonet77', '#그릭요거트', '#YOZM플레인그릭요거트', '#꿀맛', '#먹스타그램', '#food', '#홈쿡']"
greatcharlie,2021-09-28 00:00:00+00:00,영상,회사일로 스트레스 많이 받고 이리저리 할 얘기가 많아 진지하게 앉아 대표님과 둘이 몇시간을 이야기했다. 아직 서투르고 부족하다는 생각이 많이 든다. 눈을 떠보니 속은 비어있고 얼마전에 샀던 마라두부가 생각났다. 사천식으로 마파두부에 마라가득한 맛이 정말 최고였다. 쌓여있던 스트레스가 이걸로 다 날라가는 기분이다. 아침부터 너무 배가 불러 좀 그렇지만. 맛있게 기분이 좋다. 왜냐하면 배가 부르기 때문이다. 4시간,"['#마라두부', '#마켓컬리', '#진생용셰프', '#마파두부', '#진짜맛있다', '#아침밥', '#회사갈생각이없어짐', '#배부르니졸리다', '#해장엔마라']"
etoile0509,2021-09-28 00:00:00+00:00,영상,". 캠핑 무관심자들의 첫 글램핑. _ 여름 휴가 때 펜션에서 고기를 디게 오랜만에 구워봤는데 생각보다 맛있게 편하게 먹어서 의외로 괜찮네.. 라고 생각했었다. 그래서 글램핑장을 찾아서 예약해보았다. 주말은 언제나 테니스 레슨의 노예인데 연휴가 앞으로 길어서, 일요일 레슨이 수업을 쉬길래 한 번 가 봄. 동두천에 있는 카라반이 있는 캠핑장을 예약했다. 시설은 깨끗했지만 주변 자연환경이 엄청 멋지거나 하지는 않다. 깊은 산과 작은 계곡이 흐르는 그런 곳이었다. 공간에 대한 사장님들의 자부심은 인정. 그런 자부심을 가진 사람들은 공간 관리를 허투로 하지는 않지. 그래도 책 읽는 공간으로 꾸미셨다는 카라반 바깥 천막은 다소 낡은, 그리고 올드한 느낌이 들긴 한다. 핑크색 낡은 나무들과 전시된 책은 너무 옛날 것들. 카라반 실내는 깨끗했고 웬만한 집기 그릇 다 있어서 불편함은 없었다. 카라반이 좁긴 했지만 그걸 싫어하면 카라반을 예약하면 안 되는 거지. _ 가서 한 일이라고는 먹은 거 밖에 없다. 마켓컬리에서 산 토마호크(호주산, 냉장)를 가기전에 올리브유, 후추, 소금 쳐놓고 저녁 시간이 되어서 바로 꺼내 굽고 새우도 굽고 삼겹살도 굽고 고구마는 결국 끝까지 먹지 못했다. 첫 글램핑은, 뭐랄까, 너무 많이 먹었고 먹기만 해서.. 굳이 이걸 또 갈까.. 싶은 생각이 들지만, 토마호크가 먹고 싶다면 또 가야지 하는 생각도. 나는 다시 또 하지는 않을 거 같음 ㅋㅋ. _ 아 다음날엔 포천아트밸리라는 데에 갔는데 원래 채석장이었던 곳에 공원을 만들었다고. 성북동 비둘기에서 돌온기에 부리를 닦는 비둘기도 생각나고, 한번쯤은 가볼만한 곳이었다고 생각한다. _ 4시간","['#동화마을카라반품', '#품카라반', '#동화마을품캠핑장', '#토마호크', '#마켓컬리', '#캠린이도못됨', '#다시할수있을까', '#캠핑무관심자', '#포천아트밸리', '#동두천카라반', '#포천나들이', '#동두천나들이']"
0x0x0x0s2,2021-09-28 00:00:00+00:00,영상,"오랜만에 견과류를 먹어봤어요! 오나오에 견과류. 바닐라익스트랙 넣어 먹고, 닭가슴살 스테이크 먹었는데 완전 속세맛👍👍👍 이정도면 다이어트 맨날 해도 괜찮을듯해요ㅋㅋㅋㅋ 4시간","['#마켓컬리', '#닭가슴살스테이크', '#하루견과', '#오나오', '#오이', '#디카페인커피', '#샤인머스캣', '#다이어터', '#다이어트식단', '#아침식단']"
sisun_daily,2021-09-28 00:00:00+00:00,영상,"시간은 심심하게 보내기가 쉽지 않고 맛은 담백함을 만나기가 쉽지 않다:) 담백해서 설레는 맛, 심심하게 보내는 아침 시간에 딱이다~ 🌿🥯 . . 4시간","['#포비베이글', '#바질스프레드', '#아침', '#아침스타그램', '#아침식사', '#아침먹기', '#아침챙겨먹기', '#아침한끼', '#식사기록', '#식사일기', '#식단', '#오늘의메뉴', '#마켓컬리', '#맛있다', '#맛스타그램', '#먹스타그램', '#빵모닝', '#빵', '#빵스타그램', '#빵모닝', '#베이글', '#베이글맛집', '#베이글스타그램', '#베이글모닝', '#바질', '#바질잼', '#잼스타그램', '#잼', '#컬러스타그램', '#하루기록', '#시선한끼']"
mh0115011,2021-09-28 00:00:00+00:00,영상,좋다좋다 4시간,"['#퍼플박스', '#마켓컬리']"
lohaspapa.official,2021-09-28 00:00:00+00:00,영상,@dealpang ・・・ 컵 선물 받았어요. 두둥두둥🥳🥳 세임테디 컵에 담아 마시는 리얼 딸기라떼예요🍓 컵 너무 귀여운 거 아니냐곰🐻 튼튼하기까지 하다곰🐻 우유에 마법의 딸기 섞어 마시면 엄청 맛있어요😍😍 이번 마켓컬리에서 장볼 때 같이 겟🛒🛒 유기농 풀만 100% 먹다니요🤔 저도 유기농 풀 많이 못 먹고 지내는데 말이쥬. 저 대신 유기농 풀 다 먹은 소가 만들어준 우유를 먹었어요🤣🤣 고소하면서 맛있어요👍👍 @lohaspapa.official 근데 사랑가득 아빠의 마음. 이거 엄청 갬성 자극 같아요. 갑자기 아빠 보고 싶네요. 엄청 가깝게 사는데요🙈🙈🙈 암튼 패키지에서 믿음을 주네요😏😏 @dealpang 4시간,"['#딸기라떼', '#마켓컬리추천상품', '#제주유기농목초우유', '#마켓컬리추천템', '#마켓컬리추천', '#마켓컬리', '#유기농', '#유기농우유', '#목초우유', '#우유', '#로하스파파', '#dealpang', '#딜팡']"
soffa01_so,2021-09-28 00:00:00+00:00,영상,"마켓컬리에서 새벽배송 받은 삼겹이로 아침에 올만에 허리써보기 에프가 돌려주지만, 보여준다고 가스레인지 싹다 닦고 주방정리도 오랜만 하.. 지금 에프가 돌고있어요 맛있게 구워지길요~^^ㅎㅎ 4시간","['#요리스타그램', '#요리', '#cook', '#비오는날', '#요리', '#술은없다', '#마실줄모르니까', '#좋아요반사', '#요리는즐거워', '#마켓컬리', '#새벽배송']"
proteingift_official,2021-09-28 00:00:00+00:00,영상,"의 운동부스터 🔥 . 와 의 힘으로 더 힘차게 운동해요!🥋 . 은 중 공복감도 해소하고, BCAA 섭취를 통해 바로바로 근육에 영양분이 제공이 되기 때문에 운동 수행 능력이 올라가는 것은 물론이고, 근육의 손실도 최소한으로 줄여줄 수 있습니다.📉 . 엔업아미노양갱 보러 가기 👇 네이버에서 [엔업아미노양갱 🔍]을 검색하세요! http://m.smartstore.naver.com/proteingift . . 4시간","['#황싸부', '#엔업아미노양갱', '#bcaa', '#타우린', '#아미노양갱', '#운동', '#황싸부님', '#주짓수', '#주짓수그램', '#에너지바', '#아미노바', '#아미노산', '#아미노양갱', '#꿀홍삼', '#스포츠양갱', '#야라', '#자덕', '#운스타그램', '#운동하는여자', '#운동하는남자', '#영양', '#회복', '#리커버리', '#근손실방지', '#프로틴기프트', '#단백질음료', '#프로틴음료', '#등산스타그램', '#자덕스타그램', '#마켓컬리']"
nanyi_adv,2021-09-28 00:00:00+00:00,영상,마켓컬리 장보기로 만든 딸 밥🍚 먹고 건강하렴! 4시간,"['#마켓컬리', '#온더테이블', '#ID_sldjtm', '#마켓컬리델리치오소고기', '#마켓컬리토마토', '#마켓컬리파프리카']"
dealpang,2021-09-28 00:00:00+00:00,영상,컵 선물 받았어요. 두둥두둥🥳🥳 세임테디 컵에 담아 마시는 리얼 딸기라떼예요🍓 컵 너무 귀여운 거 아니냐곰🐻 튼튼하기까지 하다곰🐻 우유에 마법의 딸기 섞어 마시면 엄청 맛있어요😍😍 이번 마켓컬리에서 장볼 때 같이 겟🛒🛒 유기농 풀만 100% 먹다니요🤔 저도 유기농 풀 많이 못 먹고 지내는데 말이쥬. 저 대신 유기농 풀 다 먹은 소가 만들어준 우유를 먹었어요🤣🤣 고소하면서 맛있어요👍👍 @lohaspapa.official 근데 사랑가득 아빠의 마음. 이거 엄청 갬성 자극 같아요. 갑자기 아빠 보고 싶네요. 엄청 가깝게 사는데요🙈🙈🙈 암튼 패키지에서 믿음을 주네요😏😏 @dealpang 5시간,"['#협찬', '#딸기라떼', '#마켓컬리추천상품', '#제주유기농목초우유', '#마켓컬리추천템', '#마켓컬리추천', '#마켓컬리', '#유기농', '#유기농우유', '#목초우유', '#우유', '#로하스파파', '#dealpang', '#딜팡']"
gamsum_,2021-09-28 00:00:00+00:00,영상,저두 초바니탑 쌓아보고싶었어요🙃 소원이뤘네요🙂💛 무슨 맛을 먼저 먹어보까?!! 어제 안좋은일이 좀 있었는데 초바니 먹고 힘내야겠어요🙏🏻 인님들 오늘도 좋은하루 보내세요☺️⭐️ 5시간,[]
kkameju,2021-09-28 00:00:00+00:00,영상,오늘은 아침부터 온집안에 빵굽는냄새가 진동을 해요~ 에서 크로와상 생지를 팔길래 주문해서 오븐에서 구웠더니 세상에 빵집에서 사온거보다 더 맛있어요! 🥐🥐🥐 저같은 빵순이에겐 정말 꿀이네용.^^ 기분좋은아침~💛🧡 인친님들도 기분좋은아침 맞이하시고 정말정말 좋은하루 되세요.^^ 5시간,"['#마켓컬리', '#사랑가득좋은일만생기세요', '#행복한하루💕', '#빵굽는부엌', '#참편한세상']"
roni_table,2021-09-28 00:00:00+00:00,영상,⠀ 🔸닭고야 점심 도시락 ⠀ 시간이 너무 빠르다 😖 ⠀ ⠀ ⠀ 어니언맛 @ ⠀ ⠀ ⠀ ⠀ ⠀ ⠀ ⠀ ⠀ ⠀ 6시간,"['#로니_식단', '#20210929', '#마켓컬리', '#베러미', '#닭가슴살큐브', '#점심식단', '#아침식단', '#식단기록', '#식단일기', '#일상', '#자기관리', '#홈카페', '#다이어트식단', '#직장인다이어트', '#운동하는여자', '#출근', '#밀프렙', '#직장인도시락', '#유지어터식단', '#foodie', '#salad', '#lunchbox', '#닭가슴살', '#닭가슴살샐러드', '#샐러드', '#닭고야', '#베러미닭가슴살', '#로또곰', '#로니밀프렙']"
dailylove_me,2021-09-28 00:00:00+00:00,영상,쿠폰온날 바로 써버려야해 7000원 💰 기간이 짧아~ㅎ 쿠폰에 좋아하는 떡 세일🙂 이번주는 이걸로 하나씩 뭐해먹지 고민이 젤 싫오~~ 10시간,"['#마켓컬리', '#백설기', '#키성장', '#우유', '#갈비탕', '#샌드위치', '#그린밤', '#콤부차', '#쭈꾸미', '#아들반찬', '#돈가스']"
lohaspapa.official,2021-09-28 00:00:00+00:00,영상,"@cafe_sury ・・・ 고소한 생각나는 가을이에요🍂 이왕이면 건강에 좋은 🥛우유로 마시면 좋겠죠 😀 제주의 광활한 초지에서 온 “Full100 제주유기농목초우유” 만나봤어요 ▫️유기농 풀만 100% 먹고 자란 젖소 ▫️동물복지 / 자연순환 생태 인증목장 는 우유맛에 따라 그 풍미가 좌우되잖아요 좋은 환경에서 자란 🐄소들에게서 나온 우유라 그런지 신선한 맛이 느껴졌어요 풀백우유로 만든 너무나 꼬수워서 폴바셋 부럽지 않은 맛이더라구요 ㅋㅋㅋ 아이들 아침에 시리얼 먹을때, 간식으로 과일청라떼 해줄때도 해줘야겠어요 🤍 알고보니 이라 자주 품절되더라구요. 저도 두팩씩 쟁이고 있네요🤍 매일 마시는 우유, 더 건강한 풀백우유 추천드립니다. @lohaspapa.official 10시간","['#라떼한잔', '#유기농우유', '#라떼', '#카페라떼', '#라떼맛집', '#마켓컬리추천템', '#로하스파파', '#커피스타그램', '#목초우유', '#유기농간식', '#마켓컬리', '#마켓컬리추천', '#마켓컬리추천템', '#마켓컬리장바구니']"
homebody_tr_yeon,2021-09-28 00:00:00+00:00,영상,2021.09.28.화 _82g) 🥗D+157/📸D-55 . . . 🍽아침 ✔️닭가슴살100g/양배추50g/고구마50g 그리스무지방그릭요거트/토마토130g/냉동블루베리25g @marketkurly ) : 꾸우덕!이 아닌 그릭이지만 나쁘지 않았던… 약간 질감도 맛도 와 비슷한 느낌이였던🧐 근데 둘중에 결정하라고 하면 나는 선택할것 같다😅 _ 🍽점심 ✔️닭가슴살100g/애호박구이35g/가지구이30g/양배추찜130g/군고구마150g _ 🍽저녁 100g/양배추찜 100g/깻잎10g @masitdak ) : 닭가슴살 양배추찜과 깻잎에 싸먹으면 고기 먹는 맛이지롱~👍🏻 그냥 쌈싸먹기 너무 좋아 뭐든지 다 맛있어😆 _ 🍴간식 190ml @almondbreezekorea ) @grimms.bread ) @coupang ) : 퇴근 전 회사에서 다같이 치킨🍗파티할때 혼자 먹으면서 꾹꾹 눌러 담았는데😭 집에오면서 너무 화나길래 오자마자 바로 그림의빵 호로록😜 치킨을 참았으니 내가 나에게 주는 선물인거야🎁🥰 이런게 있어야 또 내일의 식단을 잘 할수 있겠지🙌🏻 그리고 진짜 넘나리 맛있는것👏🏻 _ 👩🏻‍🏫 : 오늘 치킨은 너무도 잘 참았디만 집에와서 입터져서 빵에 젤리까지😭😂 그래도 나름 건강한 으로 입터짐을 막았기에 성공한 식단이였다👏🏻🙌🏻 . . . 11시간,"['#집콕연선생_식단', '#탄수화물싸이클링', '#고탄수', '#코우카키스', '#마켓컬리', '#커클랜드그릭요거트', '#커클랜드', '#맛있닭닭가슴살큐브마늘맛', '#맛있닭', '#아몬드브리즈언스위트', '#아몬드브리즈', '#그림의빵초코크림빵', '#그림의빵', '#곰곰곤약젤리와일드망고', '#곰곰', '#아몬드와아몬드브리즈', '#얼곤젤', '#클린간식', '#닭가슴살', '#양배추', '#군고구마', '#고구마', '#그릭요거트', '#토마토', '#냉동블루베리', '#구운야채', '#애호박', '#가지', '#깻잎', '#다이어트빵']"
luv_rionii,2021-09-28 00:00:00+00:00,영상,☕️ 오늘은 헬파티네 🤦🏻‍♀️😈 네스프레소 호환되니 좋다♥️ . . . 11시간,"['#데일리', '#집콕', '#집콕라이프', '#일상', '#일상기록', '#집콕놀이', '#슬기로운집콕생활', '#마켓컬리', '#온더테이블', '#ID_megalaw', '#가을밤', '#커피타임', '#홈카페', '#헬카페', '#헬카페캡슐', '#헬카페커피', '#헬카페☕️', '#육퇴후자유시간', '#stayathome', '#coffeelover', '#homecafe', '#coffeetime', '#hellcafe', '#coffee', '#instadaily', '#☕️']"
luv_rionii,2021-09-28 00:00:00+00:00,영상,☕️ 울 남편이 좋아하는 헬카페 커피 🖤🤍 . . . 12시간,"['#데일리', '#집콕', '#집콕라이프', '#일상', '#일상기록', '#집콕놀이', '#슬기로운집콕생활', '#마켓컬리', '#온더테이블', '#ID_megalaw', '#가을밤', '#커피타임', '#홈카페', '#헬카페', '#헬카페콜드브루', '#콜드브루', '#콜드브루커피', '#육퇴후자유시간', '#stayathome', '#coffeelover', '#homecafe', '#coffeetime', '#coldbrew', '#coldbrewcoffee', '#coffee', '#instadaily', '#☕️']"
17minjung17,2021-09-28 00:00:00+00:00,영상,"아직도 나의 일기는 추석연휴에 머물러있네. 하지만 드디어 이게 연휴 나들이피드 정리는 마지막이구나 야호 ㆍ 갈때마다 새롭게 좋은 한강. 해지기 조금전에 가서 신나게 축구도하고~ 잔디에서 한껏 뛰어놀다가~ 어느새 해가져서 야경도 구경:) 이쁘다. 애기는 강바람 맞으며 타요도 한편보고^^ ㆍ 826조1항 1차적부양의무. 배우자간이랑 그리고 미성년자에대한 부양인데. 콩이한쪽이라도 나눠먹어야하는관계로 설명하신 교수님이 계셨었는데. 한강에서 실론티 나눠먹다 문득 생각났네 ㅎㅎ 저런거 배우던 2003년, 랑 최애 음료였는데. 한동안 안보이던 실론티가 요즘 좀 다시보여서 반갑다. 난 최근에 에서 주기적으로 구매중 😘 ㆍ 신랑은 자기얼굴 1번에 올린거 알면 또 싫어하겠지만ㅎㅎ 나의 1차부양대상자들과 시원하게 즐기고온 저날이 벌써 1주일 전이구나. 하반기 시계는 더 빠른것 같네. 12시간","['#20210922', '#한강', '#저녁마실', '#배우자', '#1차부양', '#콩한쪽도나눠먹는사이', '#실론티', '#나눠마셔요', '#민법', '#실론티', '#솔의눈', '#마켓컬리', '#ootd', '#해골무늬', '#실크스카프']"
jump_bin_1201,2021-09-28 00:00:00+00:00,영상,. . 저 사실 촌년이라 그릭 요거트 처음먹어 봤는데요 . 허... 꿀맛탱🤤 . 미친 꾸덕꾸덕한 텍스처에 벌꿀 플레이버 토핑은 진짜 미친놈 이네옄ㅋㅋㅋㅋ . . 냉장고 복숭아 있어서 만들려다 실패해서(씨 파다가 성질버림ㅋ) 그냥먹었는데 세상 꿀맛탱🙊🙉 제발 이거 안 먹어 본사람 없게해주세요🤪 . . 진짜 정통 그릭요거트는 그리스에서 만든것만 그릭요거트래요 파예 요거트는 정통 오리지널 그릭 요거트래요! . 그리고 @cheese.dot 에서도 구매 가능하데용 . 12시간,"['#협찬', '#파예그릭요거트', '#허니그릭모모', '#마켓컬리', '#파예그릭요거트허니', '#복숭아그릭요거트', '#그릭요거트', '#파예', '#파예요거트', '#진짜그릭요거트', '#구르메', '#치즈닷', '#그릭요거트레시피']"
,2021-09-28 00:00:00+00:00,영상,,[]
seulii.f,2021-09-28 00:00:00+00:00,영상,곤약볶음밥 스위트마롱 마켓컬리 깍두기곤약볶음밥 진짜루 너무너무너무 맛있어요! 오늘 주문한다고 장바구니에 넣어놓고 열한시 그냥 넘겨버리고 🥲 내일은 다른거 먹어야겠쥬 뭐 ... 간식으로는 마일비밀 아이스크림위에 내피밤 절여놓은거 하나 살포시 🌰 오늘도 행복하게 호로록 했습니다 내일도 맛난 다이어트식을 상상하면 꿈나라로 뿅 😪 13시간,"['#yeseulrang_f', '#마켓컬리', '#마이비밀']"
yxxn__mood,2021-09-28 00:00:00+00:00,영상,⁽²⁰²¹ ⁰⁹ ²⁷ ⁾ 오트밀 채담카레 채담카레 처음 먹어보는데 카레덕후 맘에 쏙 ♡ 13시간,[]
___eunbi,2021-09-28 00:00:00+00:00,영상,_ 오늘 시간이 순삭🍎🥖☕️ ➰시라쿠스 원형접시s ➰폴바살 버건디 원형접시s ➰폴바살 버건디 커피잔 ➰사브르 커트러리 ➰플리츠 와인잔(업뎃예정) 프로필 스토어팜 클릭✉️ . . 20시간,"['#데이바이데이', '#daybyday']"
kanchomom,2021-09-28 00:00:00+00:00,영상,포두부로 싸먹는 월남쌈~~ 포두부 좋아하는데 .. 원래 먹던 야채말이가 품절이라 시켜봄 소스도 있거 야채도 신선하고 한끼 건강하게 먹을수 있어 편하거 좋네 ^^ 마켓컬리 사랑해요 ㅎㅎ 13시간,"['#집밥', '#마켓컬리', '#월남쌈']"
jinyoung7700,2021-09-28 00:00:00+00:00,영상,요즘 식도염증상으로.. 커피는 하루에 한잔!! 카페인 없는 차를 즐기기 위해 구입한 디카페인차~ 너무 맛있쟈나~~ 저녁 식후 마시는 차한잔^^ 13시간,"['#차한잔의여유', '#마켓컬리', '#A', '#꿀허벌티', '#루이보스바닐라티☕️', '#디카페인차']"
happyspooon,2021-09-28 00:00:00+00:00,영상,"오늘도 시금치 프리타타로 많이 해먹지만, 집에 시금치도 없고 대파와 부추가 많아서 대파부추 프리타타로! 양파 베이컨 버섯 볶다가 대파랑 부추 넣어 살짝 볶은 후 계란물 부어 토마토랑 치즈 얹고 오븐행~ 포실포실 알맞게 익은 계란과 대파향 부추향 함께 어우러져 넘 맛있었다! 한국식 오믈렛이라 해야하나ㅎㅎㅎ 앞다리살로 만든 베이컨이 삼겹살 베이컨보다 기름지지도 않고 담백해서 좋았다. 내편도 아주 맛있게 잘먹음! 다음엔 두부도 같이 넣어볼 생각🤍 13시간","['#해피스푼테이블', '#happyspoontable', '#대파부추프리타타💛', '#저탄수메뉴', '#프리타타먹으러온보노보노', '#한손엔조개포인트', '#조개메뉴일때꼭불러줄게']"
journeys_table,2021-09-28 00:00:00+00:00,영상,꾸준히 마컬에서 사먹는 🥢 남편이랑 딸이 제육볶음을 워낙 좋아해서 마트나 온라인 장볼때 필수로 하나씩 사보는데 저희집에선 아직까지 요게 베스트에요 세일하면 무조건 담는 잇템 아이가 먹기에 맵기도 딱 좋고 가격도 맛도 좋아요 양파나 버섯 파 정도만 송송 썰어서 볶으면 한끼 식사 끝 13시간,"['#고추장제육불고기', '#오늘도잘먹었습니다', '#온더테이블', '#마켓컬리', '#id_kiki0906', '#집밥', '#집밥스타그램', '#홈쿡', '#홈쿡스타그램', '#제육볶음', '#체어맨스리저브고추장제육불고기', '#체어맨스리저브', '#고추장불고기', '#foodpic', '#저녁밥상']"
derod_rockmoo,2021-09-28 00:00:00+00:00,영상,내릴땐 왠지 이라던지 같은 면류가 떠오르지만 (개인적으로 선호합니다) 오늘의 메뉴는 다름아닌 ... 를 준비해봤어요🤤🤤 돈마호크돈까스는 를 구입했고 햄버거스테이크는 를 구입했어요🥩🥩 에어프라이어에 150°c에 15분 굽고 뒤집어서 180°c에 15분 구우면 완성!! 올리고 샐러드에 소스 뿌리고 전자레인지에 돌려주면 끝!! 맛이야 뭐... 특히나 반숙노른자가 톡!하고 터진 햄버거스테이크란... ㅋ ㅑ~ . . . . . 13시간,"['#비가', '#파전', '#국수', '#짬뽕', '#양식', '#돈마호크돈까스', '#햄버거스테이크', '#마켓컬리에서', '#하코야돈마호크카츠', '#델리치오와규햄버거패티', '#써니사이드업', '#폰타나비프크림수프', '#쿡스타그램', '#집밥스타그램', '#맛스타그램', '#먹스타그램', '#평일저녁', '#비오는날엔', '#양식이지', '#마켓컬리', '#하코야돈마호크카츠', '#델리치오와규햄버거패티', '#폰타나비프크림수프', '#써니사이드업', '#내돈내산', '#갤럭시z폴드3', '#맞팔', '#맞팔해요', '#맞팔환영']"
nyom.nyom_e,2021-09-28 00:00:00+00:00,영상,구월 이십칠일 만들어먹는 샐러드 기록📎 . . ✔️단호박 발사믹 샐러드 . . 점심을 무겁게 먹어서 저녁은 간단히 먹었다 채소믹스(가성비 굳)에 단호박쪄서 올리고 렌틸플레이크 발사믹식초 올리브오일 후추랑 꿀뿌리고 먹다가 남은 소스는 통밀빵 찍어먹기😋 놀랍게도 모두 다 컬리에서 장본 것들..이군💟 . . . . 13시간,"['#뇸뇸기록_요리', '#샐러드', '#단호박샐러드', '#통밀빵', '#발사믹', '#요리스타그램', '#먹스타그램', '#신혼밥상', '#daily', '#cooking', '#diet', '#다이어트식단', '#슬기로운요리생활', '#마켓컬리']"
lohaspapa.official,2021-09-28 00:00:00+00:00,영상,"@cafe_sury ・・・ 고소한 생각나는 가을이에요🍂 이왕이면 건강에 좋은 🥛우유로 마시면 좋겠죠 😀 제주의 광활한 초지에서 온 “Full100 제주유기농목초우유” 만나봤어요 ▫️유기농 풀만 100% 먹고 자란 젖소 ▫️동물복지 / 자연순환 생태 인증목장 는 우유맛에 따라 그 풍미가 좌우되잖아요 좋은 환경에서 자란 🐄소들에게서 나온 우유라 그런지 신선한 맛이 느껴졌어요 풀백우유로 만든 너무나 꼬수워서 폴바셋 부럽지 않은 맛이더라구요 ㅋㅋㅋ 아이들 아침에 시리얼 먹을때, 간식으로 과일청라떼 해줄때도 해줘야겠어요 🤍 알고보니 이라 자주 품절되더라구요. 저도 두팩씩 쟁이고 있네요🤍 매일 마시는 우유, 더 건강한 풀백우유 추천드립니다. @lohaspapa.official 13시간","['#라떼한잔', '#유기농우유', '#라떼', '#카페라떼', '#라떼맛집', '#마켓컬리추천템', '#로하스파파', '#커피스타그램', '#목초우유', '#유기농간식', '#마켓컬리', '#마켓컬리추천', '#마켓컬리추천템', '#마켓컬리장바구니']"
keto_jeong,2021-09-28 00:00:00+00:00,영상,컨디션 회복을 위한 야채한상구이🥗 모더나 1차후 3주차. 아직도 컨디션 안좋아요 오늘은 두통도 심하고 목도아프고 한달째 체중도 정체중인데 역시 건강해야 다이어트도 가능..🤒 (아침에 먹다남은 오리구이도 간단히 데워서 곁들🍗) 이렇게 맛있는지 몰랐네요 키친타월로 물기 찹찹 빼고 오일 살짝 바르고 후추 소금뿌리고 구우면 끝🧂 목양체질이라 찰떡궁합일텐뎅 이번엔 통으로 사다가 먹을까바요🥰 . . . 셀프홍보인가 13시간,"['#연근구이', '#오늘의키토식', '#야채오븐구이', '#광파오븐', '#마켓컬리추천상품', '#손질연근', '#애호박구이', '#냉털요리', '#1인밥상', '#간단레시피', '#다이어트식단']"
mimiming_food,2021-09-28 00:00:00+00:00,영상,이제 냉동 도시락과 이별해야한다니..안녕👋[키플 - 로제 치즈 부어스트] . 맛있었댜 당근이랑 브로콜리는 간이 1도 안되어있어서 로제 소스에 찍어먹음 에서 구매 . 14시간,"['#로제치즈부어스트', '#키플', '#마켓컬리', '#부산', '#로제소세지', '#로제', '#냉동도시락', '#foodgram', '#foodgraphy', '#instagram', '#instagood', '#instafood']"
ej_eg_mom,2021-09-28 00:00:00+00:00,영상,- - . . 14시간,"['#월요일', '#어린이들', '#등교', '#😉', '#새벽배송', '#마켓컬리', '#정리하고', '#박스', '#버려주는', '#두아들', '#👍🏻', '#이럴때는', '#든든한', '#형제', '#💕', '#오후간식', '#슈크림', '#들어있는', '#볼', '#😋', '#맛스타그램', '#아들맘', '#기록']"
yulicious_diet,2021-09-28 00:00:00+00:00,영상,"2021.09.28 연어구이, 적양배추볶음, 계란후라이, 약콩현미밥 오늘의 운동후 식사는 오븐에구운연어🧡 에서 구매했어요! 한팩에 5개들어있고 하나씩 소포장되어 편하네용ㅎㅎ구워져있는거라 냉동된 상태로 전자레인지에 2분이면 조리 끝!! 쏘 간편… 오늘처럼 하체해서 호돌거리는날 후다닥 탄단지 챙길 수 있어서 좋네유👍 적양배추랑 양파는 채썰어서 간장, 알룰로스 넣고 짭짤달달하게 볶아주고, 뭔가 색감이 허전해서 적치커리 하나 뜯어서 구석에 쳐박 데코했음다🌱 회사에서 받은 스트레스,, 운동으로 1차 날리고 건강한 식단으로 2차 힐링까지 해주면!! 왠지 그 날 하루를 잘 보낸 것 같고 그래요ㅋㅋㅋㅋ이 맛에 유지어터 한다…(코쓱) 괜시리 잘산것같은 그런 기분…🤧 이번주 너무 안가고 힘든데 저만 그런가여? 쩝… 9월아 얼른 끝나버려라~!👋 14시간","['#마켓컬리', '#은하수산', '#다이어트', '#유지어터', '#다이어터', '#운동하는여자', '#다이어트레시피', '#연어', '#샐러드', '#단백질', '#식단', '#요리', '#요리스타그램', '#직장인도시락', '#인바디', '#바디프로필', '#식단일기', '#foodie', '#eatstagram', '#foodpic', '#foodieheaven', '#bonappetit', '#healthymeals', '#healthyrecipes', '#youarewhatyoueat']"
lotusflowerlady7,2021-09-28 00:00:00+00:00,영상,"9/28 아침 : 아이스아메리카노, 포두부 야채말이(소스❌) 점심 : 소라숙회, 양배추쌈, 어린이용 잡채, 컬리플라워라이스 저녁 : 계란 두개, 아몬드브리즈 초콜릿이 너무 먹고 싶었다. 저녁을 회사에서 못 먹어서 버스 내리고 편의점에 가서 초콜릿을 쓱 보았는데 아무리 작은것도 칼로리가 100이나 되서 그냥 내려놓았다. 초콜릿을 자유롭게 먹을 수 있는 날은 언제 올까? 14시간","['#식단', '#식단일기', '#식단기록', '#식단조절', '#식단공유', '#식단일지', '#다이어트', '#다이어트식단', '#컬리플라워라이스', '#포두부', '#포두부요리', '#포두부쌈', '#포두부야채말이', '#마켓컬리', '#소라숙회', '#양배추쌈']"
jyujin_beautifullife,2021-09-28 00:00:00+00:00,영상,닭가슴살볶음덮밥 🍗 마늘 양파 굴소스 1/2스푼 닭가슴살 볶볶 🍚 현미곤약밥 1/2 🍳 계란후라이 올려서 🥬 깻잎 양배추에 싸먹으면 꿀맛이예요 🍣 낮에 만든 두부유부초밥 🍇 후식은 포도 좀 과한가 싶은데 하체운동+복근운동 하고 넘 배고파서 보이는대로 다 차리고 보니 :) 💡 닭가슴살볶을때 마지막에 물 한스푼 넣고 뚜껑닫아 기다리면 촉촉해서 덮밥과 어울려요! 14시간,"['#다이어트식단', '#유지어터식단', '#건강한식단', '#식단기록', '#마켓컬리', '#르쿠르제', '#닭가슴살요리', '#두부요리', '#두부유부초밥']"
momuczzi,2021-09-28 00:00:00+00:00,영상,14시간,"['#캠핑요리', '#고기지겨우면', '#마켓컬리', '#닭발', '#막창구이', '#추천😋', '#불멍타임']"
,2021-09-28 00:00:00+00:00,영상,,[]
seossang1982,2021-09-28 00:00:00+00:00,영상,임실치즈마을 요거트 완전 강추합니다💚 . . . 15시간,"['#1982', '#서면옷가게', '#데일리', '#데일리룩', '#마켓컬리', '#좋아요', '#이뻐요', '#초바니요거트', '#집밥', '#셀피', '#셀스타그램', '#팔로우', '#맞팔', '#instagood', '#instadaily', '#ootd', '#selfie', '#streetstyle', '#daily', '#dailylook', '#follow']"
suliyahgi,2021-09-28 00:00:00+00:00,영상,ෆ 🏄🏻‍♂️ 빅웨이브 🏄🏻‍♂️ alc. 4.4 🏄🏻‍♂️ 향이 가득한 에일맥주 🏄🏻‍♂️ 개인적으로 에일맥주를 선호하진 않지만 빅웨이브는 사랑이죠 지금은 편의점에서 파는 대중적인 맥주가 되었지만 몇 년 전까지 마트만 가면 무조건 사와서 먹었던 파도맥주..ㅎㅎ 15시간,['#suliyahgi']
rang._.22,2021-09-28 00:00:00+00:00,영상,쫀쫀하고 부드러워 메이크업 필수템인 툴루아 하우스 스펀지 건식으로 사용하면 꼼꼼 탄탄한 메이크업! 물을 묻혀 사용하면 촉촉 윤광 메이크업! 피부 표현이 자연스러워요 >< ⠀ 15시간,"['#협찬', '#툴루아', '#마켓컬리', '#코덕스타그램', '#뷰티툴', '#메이크업퍼프', '#메이크업아티스트', '#뷰티', '#뷰티스타그램', '#beauty', '#photo', '#daily']"
v_meloncollie,2021-09-28 00:00:00+00:00,영상,"210928 마켓컬리 에서 판매하는 냉동된 생각이상으로 괜찮아서 놀랬어요 김밥을 냉동하다니?!!!😨 했는데!!! 아무래도 렌지에 데우니까 물기가 생기지만 맛이 그걸 커버했어요 물론 무조권 먹어야합니다는 아니고 오 괜츈한데? 정도입니다만ㅋㅋㅋ 사진이외 알프로바나나에 콜드브루탄 라떼, 먼치볼 양파맛을 간식으로 먹었습니다 어제 클하 정관스님의 말씀을 듣고 잠자기전까지 많은 생각을 했어요 처음에는 나누는 대화도 올라와 물어보신 질문에 대한 것도 우리가 원하는 명료한 대답이 아니라는 생각을 했거든요? 예를들어 우리가 1+1은 무엇인가요?라고 했을때 계산의 답을 알고 싶었는데 정관스님의 말씀은 우리가 말하는 질문의 본질을 뚫고 계셨어요 정답은 2인데 중요한건 2가 아니었던거예요 1+1이 왜 궁금한지 2인걸 깨닫는 그 과정을 알려주시는 것 같았어요 흔들리는 사람은 말도 꾸밈도 타인이 어떻게 볼지 신경쓰지만 흔들리지않는 사람은 어떠한 꾸밈도 필요없다는 생각도 들었습니다 너무 뜻깊은 시간이었어요 월채토 최고예요 15시간","['#비건김밥', '#폭신톳두부']"
k.chaehee0515,2021-09-28 00:00:00+00:00,영상,시책으로 나온 적립금으로 마켓컬리 장보기.. 10만원어치 배송시켰더니 아이스박스 크기보고 깜놀😲 무거워어~~~~ 열어보니 뭐없네? 아들아 미안 엄마 다이어트식단만 한가득 아들 먹을껀 붕어빵뿐.. 그래도 널위해 과일도샀어ㅋㅋㅋㅋㅋ 환경을위해 아이스팩 대신 100%워터아이스팩&드라이 아이스 다 좋은데..... 과일이 쪼큼 싱싱하지가않네에??😭 그래도 우리집 과일킬러는 혼자 또 순삭☺ 맛만좋음됐지 아직남은 적립금도 써야되는데ㅋㅋㅋㅋㅋㅋㅋ 무튼 잘먹겠습니다😍 16시간,"['#마켓컬리', '#시책금', '#나의보너스', '#룰루랄라💓', '#나의양식', '#너와의양식', '#장보기']"
missdal_official,2021-09-28 00:00:00+00:00,영상,". 어제의 저녁. 소고기꽃살부타동 🥩 🐂 🐮 밥위에 올려먹을꺼라 고기간 짭짤달다구리하게요. 그래서 위 큰 기미상궁은🎎 이번에도 컬리이모님 타레소스로 기막힌 간을 재현합니다.🤣 가지,토마토,양파 같이 달달 볶아 사이드로 같이 올리면 ""맛있으면0칼로리부타동""완성🎊 돼지고기얇게 슬라이스도 맛있어요👍 컬리이모님 솜씨라면 실패가 없답니다. 16시간","['#오늘저녁은', '#누룽지에김치', '#스타벅스50주년이선물한', '#공사다망애미', '#공짜라서피곤해', '#마켓컬리', '#마켓컬리추천', '#마켓컬리장바구니', '#스테이크덮밥', '#부타동', '#맛있으면0칼로리']"
merry__jin,2021-09-28 00:00:00+00:00,영상,그릭요거트+샤인머스캣+그래놀라+꿀 조합 💚 진짜 넘넘 맛있다 🙈 . . . 16시간,"['#온더테이블', '#마켓컬리', '#id_flowerg46', '#그릭요거트', '#그릭데이', '#그릭샤인머스캣']"
hey.anothers,2021-09-28 00:00:00+00:00,영상,비오는날은 집 밖에 나오기 싫지용~ 딸기로 상큼한 하루 보내세요:) 제로스쿱 딸기아이스크림은 순식물성으로 우유 유제품 동물성원료를 사용하지 않고 만들었습니다:) 우유를 못 드시거나 두유를 못드시는 분들 안심하고 드세요 16시간,"['#오늘딸기해', '#리얼스트로베리', '#비건']"
happymarozzing,2021-09-28 00:00:00+00:00,영상,마켓컬리 연속 장보기 . . . . 16시간,"['#마켓컬리', '#온더테이블', '#ID_wonny0131', '#적립금주세요', '#쇼핑할께요']"
designpog,2021-09-28 00:00:00+00:00,영상,@marketkurly @mercado_de_frutas 16시간,"['#운동후', '#간식', '#황도', '#그릭요거트', '#뮤즐리', '#요즘그릭요거트', '#마켓컬리', '#악사뮤즐리', '#메르카도']"
moabird2014,2021-09-28 00:00:00+00:00,영상,덕분에 새로운술 잘 먹었다~ 고맙다아😏 찡뜻~ 16시간,"['#내돈내산', '#주부', '#요리스타그램', '#일상스타그램', '#육아스타그램', '#소통', '#주부스타그램', '#남매맘', '#맛스타그램', '#먹스타그램', '#홈쿡', '#오늘저녁', '#돌밥스타그램', '#집콕', '#홍대쭈꾸미', '#부추전', '#돼지갈비구이', '#샐러드', '#화요', '#서인국술', '#hwayo', '#슬기로운집콕생활', '#2021년', '#인친님들건강조심하세요', '#사회적거리두기실천', '#마켓컬리', '#온더테이블', '#ID_moabird']"
yuza_matupso,2021-09-28 00:00:00+00:00,영상,📌등심돈까스 💵2210 📌통치즈돈까스 💵3980 마켓컬리에서 구매한 돈까스들과 집에 있는 소바로 오늘 점심 해결 마켓컬리 돈까스는 에어프라이어로 설명서에 나온대로 조리했습니다 일반 등심까스는 그냥 그런데 치즈 돈까스는 맛있었어요 돈까스가 저렴해서 좋아요 소바는 평범한 소바맛!! 마켓컬리 치즈돈까스 추천합니다 16시간,['#마켓컬리']
hey_mingle,2021-09-28 00:00:00+00:00,영상,"Day+2 ⠀ 2식 구운야채, 팔라펠 2개, 닭가슴살 80g, 배 ( 당근, 가지, 방울토마토, 미니양배추, 단호박 ) ⠀ 오늘따라 든든하게 느껴졌던 구운야채샐러드ㅎㅎ 건강하고 맛나~ ⠀ 16시간","['#다이어트', '#다이어트식단', '#밍글_샐러드', '#식단', '#식단일기', '#식단관리', '#식단기록', '#샐러드', '#구운야채샐러드', '#밤호박', '#팔라펠', '#닭가슴살', '#마켓컬리', '#씨알상사', '#홍팜', '#인테이크']"
___eunbi,2021-09-26 00:00:00+00:00,영상,_ 나른한 오후😌 ➰무광 오벌접시s ➰사브르 티스푼 프로필 스토어팜 클릭✉️ . . 2일,"['#데이바이데이', '#daybyday']"
green_ddiii,2021-09-28 00:00:00+00:00,영상,"지극히 개인적인 녹색맛 평가💚 진하기 🍀🍀🍀 쓴맛 🍀🍀 단맛 🍀🍀 배송으로 즐기기 2탄!🚚🚛 이번 역시 에서 쉽게 주문할 수 있는 의 요즘 말차쿠키는 말차&화이트초콜릿, 말차&마카다미아 조합이 꽤 많이 보이는데, 그만큼 불패조합이란 걸 알수있다🤔 이녀석은 그 두가지를 모두 담았는데 보통은 그래도 에 살짝 가미된 토핑 정도의 비중이라면, 이건 오히려 화이트초콜릿&마카다미아넛에 말차반죽을 살짝 묻혀놓은 것처럼 부재료의 비중이 엄청나다!🔥 거의 지분 50에 화이트초콜릿 25, 쿠키반죽 25인 느낌🤭 그래도 쿠키의 말차맛은 진한편인데 쿠키도우가 엄청엄청 촉촉하다 💚 촉촉한 말차맛 쿠키 반죽만을 먹어보고싶어, 빼곡한 마카다미아를 피해서 '요부분은 반죽만있겠지?' 하고 앙 물면 화이트초콜릿이 똭 나온다🤣🤣 이런 빈틈없는 쿠키는 처음ㅋㅋ 쿠키의 탈을 쓴 마카다미아넛인 듯해서 꽤 맛있는 쿠키 반죽이라 그 비중을 조금 높여주면 좋았겠다 싶다🙏 ✔ 키커피컴퍼니 말차화이트초콜릿마카다미아넛 . . 16시간","['#마켓컬리', '#키커피컴퍼니', '#말차화이트초콜릿마카다미아넛', '#말차쿠키', '#마카다미아', '#그린띠', '#그린띠_배송', '#말차디저트', '#말차덕후', '#말차러버', '#녹차덕후', '#녹차', '#말차', '#녹차스타그램', '#디저트그램', '#그린티', '#녹차디저트', '#먹스타그램', '#디저트맛집', '#緑茶', '#ノクチャ', '#まっちゃ', '#デザート', '#matchalover', '#matchacookies', '#말차쿠키', '#쿠키맛집']"
jeonjjini_diary,2021-09-28 00:00:00+00:00,영상,& 🥯 접시는 ❤︎ 16시간,"['#마켓컬리', '#무화과통밀빵', '#라이트크림치즈', '#크라운캐년', '#먹스타그램', '#간편식', '#간단요리']"
eun_mimi_,2021-09-28 00:00:00+00:00,영상,초바니에 무화과청은 정말🤩 삼시세끼 가능 16시간,[]
